,Cities,Country,Latitude,Longitude,Temperature (F),Humidity (%),Cloudiness (%),Wind Speed (mph)
0,vanimo,pg,-2.6741,141.3028,80.78,100.0,80.0,14.7
1,shingu,jp,33.7241,135.993,59.61,92.0,24.0,7.43
2,longyearbyen,sj,78.2186,15.6401,0.18,61.0,0.0,1.83
3,bredasdorp,za,-34.5331,20.0428,67.96,100.0,80.0,12.01
4,busselton,au,-33.6445,115.3489,68.02,100.0,88.0,7.09
5,limbang,my,4.75,115.0,76.15,100.0,32.0,1.61
6,georgetown,sh,-7.9334,-14.4167,78.28,100.0,56.0,12.91
7,ushuaia,ar,-54.807,-68.3074,43.5,87.0,36.0,17.05
8,aswan,eg,24.0911,32.8973,71.55,37.0,0.0,8.21
9,rikitea,pf,-23.1203,-134.9692,82.11,99.0,8.0,7.76
10,fairbanks,us,64.8378,-147.7167,26.31,93.0,92.0,4.18
12,poronaysk,ru,49.2216,143.1016,15.44,89.0,80.0,3.4
15,turukhansk,ru,65.7954,87.9608,8.83,83.0,68.0,17.49
16,tasiilaq,gl,65.6145,-37.6368,17.13,97.0,88.0,2.73
17,bethel,us,60.7922,-161.7559,17.35,90.0,48.0,4.41
18,tuktoyaktuk,ca,69.444,-133.032,10.44,95.0,88.0,17.83
19,butaritari,ki,3.0707,172.7902,82.54,100.0,92.0,13.69
22,freeport,us,42.2967,-89.6213,49.32,52.0,0.0,20.07
23,valparaiso,cl,-33.0394,-71.6273,70.77,41.0,0.0,10.22
25,vitim,ru,59.4397,112.5729,7.92,72.0,68.0,6.08
27,ilulissat,gl,69.2167,-51.1,6.42,87.0,68.0,2.73
28,leshan,cn,29.5609,103.762,47.61,87.0,0.0,3.18
29,avarua,ck,-21.2078,-159.775,79.92,100.0,92.0,12.01
30,bowen,au,-20.0107,148.2468,67.51,100.0,0.0,8.77
31,zile,tr,40.3,35.8856,42.4,91.0,20.0,2.28
32,castro,cl,-42.4824,-73.7644,54.07,68.0,76.0,6.31
33,fushun,cn,41.8866,123.948,29.79,96.0,92.0,12.24
34,guerrero negro,mx,27.971,-114.0364,68.0,77.0,88.0,13.02
35,akureyri,is,65.6826,-18.0914,35.15,94.0,92.0,7.65
36,tuatapere,nz,-46.1324,167.6908,59.81,98.0,56.0,18.95
37,honningsvag,no,70.9821,25.9704,21.54,100.0,68.0,8.43
38,fortuna,us,40.5974,-124.1561,52.83,90.0,20.0,7.09
39,souillac,mu,-20.5167,57.5167,79.97,81.0,92.0,20.07
40,severo-kurilsk,ru,50.6789,156.125,27.73,100.0,64.0,29.68
41,victoria,sc,-4.6167,55.45,81.48,100.0,48.0,15.37
42,seoul,kr,37.5667,126.9783,56.3,98.0,92.0,9.1
43,nanortalik,gl,60.1432,-45.2372,27.75,100.0,8.0,20.85
45,nikolskoye,ru,59.7035,30.7861,18.66,75.0,0.0,8.88
46,clyde river,ca,70.4692,-68.5915,-14.34,76.0,44.0,4.85
47,provideniya,ru,64.4238,-173.2276,12.56,100.0,88.0,24.32
49,vila franca do campo,pt,37.7167,-25.4334,56.01,100.0,76.0,23.98
50,adrar,dz,27.8734,-0.2875,66.85,27.0,0.0,2.95
52,belyy yar,ru,53.6039,91.3903,-3.48,54.0,8.0,2.84
54,maniitsoq,gl,65.4167,-52.9001,14.47,91.0,56.0,4.97
55,wewak,pg,-3.5535,143.6268,76.71,95.0,88.0,3.62
57,nishihara,jp,35.7387,139.5312,46.08,79.0,0.0,0.38
61,ponta do sol,pt,32.6667,-17.1,64.62,96.0,56.0,22.3
63,rawson,ar,-43.2992,-65.1057,63.36,23.0,0.0,19.06
64,hovd,mn,48.0056,91.6419,16.03,75.0,24.0,3.18
66,male,mv,4.1748,73.5089,83.75,100.0,76.0,7.99
67,port elizabeth,za,-33.918,25.5701,68.11,97.0,64.0,12.68
69,brae,gb,60.3964,-1.353,43.07,94.0,92.0,26.33
70,hobart,au,-42.8826,147.3281,58.01,92.0,88.0,6.53
71,perth,au,-31.9528,115.8605,69.75,96.0,68.0,6.2
73,torbay,ca,47.6577,-52.727,35.65,81.0,12.0,9.44
75,atuona,pf,-9.8,-139.0334,80.83,100.0,64.0,14.58
76,fare,pf,-16.7001,-151.0167,81.81,100.0,56.0,8.21
78,xiaoweizhai,cn,26.2293,107.5129,54.36,97.0,76.0,2.39
80,geraldton,au,-28.7667,114.6,73.06,100.0,12.0,12.57
81,hermanus,za,-34.4176,19.2361,61.97,97.0,100.0,3.4
83,derzhavinsk,kz,51.0991,66.3139,-2.08,72.0,0.0,2.39
85,tecoanapa,mx,16.9875,-99.2589,85.37,47.0,0.0,8.99
88,qaanaaq,gl,77.484,-69.3633,-8.11,100.0,44.0,2.39
89,sao filipe,cv,14.8961,-24.4956,70.38,92.0,12.0,19.17
90,hilo,us,19.7072,-155.0817,67.86,100.0,92.0,14.47
93,albany,au,-35.0248,117.8836,66.29,96.0,92.0,3.51
96,barra patuca,hn,15.8,-84.2834,79.83,95.0,20.0,12.46
97,leh,in,34.1642,77.5848,9.48,84.0,80.0,1.72
98,ahome,mx,25.9167,-109.1834,83.97,43.0,56.0,7.43
99,iqaluit,ca,63.7494,-68.5219,0.84,90.0,48.0,0.83
101,puerto ayora,ec,-0.7394,-90.3518,86.04,94.0,36.0,0.94
102,bluff,nz,-46.6,168.3333,60.91,96.0,92.0,20.74
104,vaini,to,-21.2001,-175.2,79.43,100.0,92.0,13.8
105,yar-sale,ru,66.8333,70.8333,-21.05,56.0,12.0,9.33
107,honiara,sb,-9.4313,159.9553,77.85,100.0,56.0,1.16
108,nabire,id,-3.3597,135.505,64.49,94.0,20.0,2.17
111,havoysund,no,70.9963,24.6622,21.13,99.0,76.0,6.87
115,afsin,tr,38.2477,36.914,25.57,86.0,36.0,2.62
120,vestmanna,fo,62.1564,-7.1664,42.06,99.0,92.0,30.58
122,kapaa,us,22.0752,-159.319,75.4,90.0,64.0,8.21
123,dikson,ru,73.5069,80.5464,-4.62,98.0,76.0,29.8
124,ostrovnoy,ru,68.0544,39.5129,-2.08,78.0,12.0,7.76
128,punta arenas,cl,-53.1627,-70.9081,48.43,95.0,20.0,24.87
129,fort-shevchenko,kz,44.5086,50.263,32.05,100.0,0.0,20.51
130,uniontown,us,39.9001,-79.7165,28.0,50.0,88.0,10.45
132,lavrentiya,ru,65.5842,-170.989,2.5,100.0,8.0,1.72
134,yulara,au,-25.2411,130.9869,55.18,37.0,0.0,4.41
135,carnarvon,au,-24.8667,113.6333,79.32,96.0,0.0,15.37
136,mvuma,zw,-19.2819,30.531,59.09,76.0,0.0,6.64
137,maku,ir,39.2911,44.4521,24.85,82.0,8.0,4.74
138,kavieng,pg,-2.5745,150.7967,84.0,100.0,48.0,6.98
139,thompson,ca,55.7433,-97.8635,17.64,55.0,0.0,3.96
140,dunedin,nz,-45.874,170.5035,68.68,67.0,88.0,8.43
145,yellowknife,ca,62.4541,-114.3774,31.53,93.0,36.0,8.1
146,pacific grove,us,36.6174,-121.9156,49.91,100.0,92.0,7.65
148,yanam,in,16.7333,82.2167,74.21,90.0,68.0,5.75
152,san cristobal,ec,-1.0243,-79.4413,65.07,100.0,80.0,1.5
154,conway,us,35.0887,-92.4422,61.09,46.0,0.0,4.52
155,esperance,au,-33.8583,121.8932,67.87,74.0,92.0,4.63
157,barrow,us,39.5062,-90.4016,57.31,48.0,0.0,19.84
158,marawi,sd,18.4833,31.8167,60.17,26.0,0.0,6.64
159,kavaratti,in,10.5669,72.642,77.54,100.0,92.0,18.84
160,grindavik,is,63.8424,-22.4338,43.09,93.0,92.0,33.04
162,ust-kut,ru,56.7804,105.7465,-4.96,73.0,32.0,3.85
165,zhangye,cn,38.9365,100.4556,30.61,76.0,32.0,7.31
169,mar del plata,ar,-46.4276,-67.5191,59.4,41.0,56.0,19.28
170,grand gaube,mu,-20.0064,57.6608,81.03,96.0,88.0,31.59
171,salalah,om,17.0149,54.0957,75.78,100.0,0.0,5.08
172,east london,za,-33.0153,27.9116,67.75,100.0,0.0,7.65
173,galle,lk,6.0367,80.217,76.77,100.0,24.0,6.42
176,saint-philippe,re,-21.3586,55.7679,81.27,100.0,88.0,23.42
178,boffa,gn,10.1812,-14.0378,72.59,71.0,0.0,8.99
179,intipuca,sv,13.1969,-88.0545,95.67,73.0,0.0,7.09
181,lumby,ca,50.25,-118.9667,42.17,85.0,92.0,2.17
182,hambantota,lk,6.1241,81.1185,79.12,100.0,48.0,4.97
185,kununurra,au,-15.7731,128.7388,73.24,60.0,0.0,4.97
186,tooele,us,40.5308,-112.2983,59.2,52.0,76.0,15.48
188,agadir,ma,30.4211,-9.5831,46.04,100.0,0.0,2.39
189,marshalltown,us,42.0448,-92.9104,60.8,44.0,0.0,15.14
191,zhanakorgan,kz,43.9098,67.2495,23.38,79.0,64.0,4.29
194,porto novo,cv,17.0197,-25.0648,72.07,94.0,12.0,15.59
196,tiksi,ru,71.6366,128.8685,-30.16,48.0,56.0,3.62
197,cherskiy,ru,68.75,161.3,-19.29,56.0,36.0,4.63
198,aykhal,ru,65.9451,111.5081,-24.17,32.0,36.0,2.73
199,manokwari,id,-0.8667,134.0833,79.39,100.0,20.0,10.11
202,ghanzi,bw,-21.699,21.6452,66.61,53.0,0.0,10.11
203,lakatoro,vu,-16.1069,167.4185,83.46,88.0,76.0,9.78
204,kaitangata,nz,-46.2818,169.8464,64.96,63.0,76.0,13.24
205,beringovskiy,ru,63.05,179.3167,-2.1,100.0,0.0,17.38
208,mucurapo,tt,10.6667,-61.5334,81.91,99.0,8.0,14.47
209,waingapu,id,-9.6522,120.2637,69.78,100.0,32.0,2.95
211,port blair,in,11.6667,92.75,82.26,100.0,0.0,6.87
212,egvekinot,ru,66.3167,-179.1667,-16.14,59.0,64.0,2.95
214,pisco,pe,-13.71,-76.203,76.39,55.0,0.0,5.19
215,yining,cn,29.0361,114.5636,57.96,100.0,88.0,2.39
218,pevek,ru,69.7028,170.2747,-24.81,93.0,32.0,2.62
221,berbera,so,10.4396,45.0143,59.83,94.0,8.0,2.62
225,bambous virieux,mu,-20.3428,57.7575,79.97,81.0,92.0,20.07
226,kropotkin,ru,45.4344,40.575,36.75,90.0,36.0,7.99
227,barhi,in,24.3051,85.4203,65.79,59.0,0.0,5.08
228,labytnangi,ru,66.6596,66.3862,-18.42,49.0,36.0,2.95
229,vostok,ru,46.448,135.8294,23.94,92.0,88.0,1.72
230,faanui,pf,-16.4834,-151.75,83.14,99.0,56.0,8.55
232,healdsburg,us,38.6107,-122.8702,51.04,99.0,80.0,3.4
236,jamestown,sh,-15.9388,-5.7168,75.06,100.0,92.0,16.82
239,pangnirtung,ca,66.149,-65.7179,-7.88,82.0,48.0,8.21
243,samarai,pg,-10.6167,150.6667,77.31,100.0,92.0,7.76
247,port lincoln,au,-34.7212,135.8592,62.98,100.0,68.0,7.76
248,nouadhibou,mr,20.931,-17.0347,63.88,48.0,0.0,19.28
249,brooks,ca,50.571,-111.8931,39.88,97.0,8.0,5.97
251,ushibuka,jp,32.1906,130.0228,54.72,93.0,8.0,9.55
252,khatanga,ru,71.9801,102.4743,-39.12,0.0,8.0,5.97
255,falam,mm,22.9139,93.679,49.48,81.0,0.0,1.5
256,syamzha,ru,60.0217,41.0605,33.42,94.0,92.0,19.51
258,canutama,br,-6.5331,-64.3835,83.73,73.0,12.0,1.16
261,petropavlovsk-kamchatskiy,ru,53.0452,158.6483,23.25,94.0,88.0,7.76
263,quatre cocos,mu,-20.2078,57.7625,79.97,81.0,92.0,20.07
264,auki,sb,-8.7677,160.7034,79.84,100.0,24.0,2.17
268,gaurnadi,bd,22.9667,90.2333,63.66,91.0,0.0,3.4
269,borogontsy,ru,62.6708,131.1661,-16.26,66.0,24.0,3.74
274,bilibino,ru,68.055,166.4449,-37.2,0.0,0.0,2.17
275,loutros,gr,40.5901,22.4005,46.62,82.0,68.0,2.39
276,husavik,is,66.0449,-17.3389,34.92,90.0,48.0,11.01
279,hinton,ca,53.4047,-117.5703,47.07,57.0,12.0,2.95
282,awjilah,ly,29.1403,21.2975,70.39,32.0,92.0,12.01
285,chapleau,ca,47.8456,-83.4019,33.21,63.0,32.0,4.97
287,saldanha,za,-33.0117,17.9442,65.7,98.0,88.0,3.62
289,epernay,fr,45.4524,5.884,40.24,92.0,48.0,1.72
290,sangar,ru,63.9236,127.4668,-14.1,62.0,44.0,3.74
291,broken hill,au,-31.9651,141.4511,52.14,91.0,0.0,7.54
292,qianan,cn,44.9932,124.0581,13.64,65.0,0.0,17.72
293,gladstone,au,-23.8432,151.2561,72.19,86.0,0.0,14.36
298,ouro fino,br,-22.2831,-46.3692,73.49,81.0,64.0,0.72
303,batemans bay,au,-35.7073,150.1783,60.73,100.0,0.0,3.4
306,saint-joseph,re,-21.3667,55.6167,81.25,100.0,88.0,23.42
308,xining,cn,36.6219,101.773,11.57,70.0,0.0,2.39
310,cape town,za,-33.929,18.4174,64.33,98.0,68.0,8.1
311,haines junction,ca,60.7527,-137.5101,43.59,94.0,56.0,2.73
312,itarema,br,-2.9248,-39.9167,79.25,79.0,92.0,11.79
313,sorland,no,67.667,12.6934,22.03,100.0,56.0,3.18
315,beira,mz,-19.8437,34.8389,73.92,89.0,0.0,3.74
317,moree,au,-29.4618,149.8407,62.28,85.0,0.0,3.74
318,cap-aux-meules,ca,47.3821,-61.8597,34.23,89.0,92.0,43.11
319,kloulklubed,pw,7.0419,134.2556,77.18,100.0,48.0,8.1
321,hasaki,jp,35.7333,140.8333,46.27,100.0,0.0,13.35
323,manitouwadge,ca,49.1215,-85.8385,31.15,71.0,80.0,6.53
332,ancud,cl,-41.8682,-73.8288,55.92,59.0,12.0,5.86
333,new norfolk,au,-42.7802,147.0615,56.82,93.0,88.0,9.33
336,lesogorsk,ru,56.0509,99.5145,-6.58,78.0,0.0,3.29
338,prieska,za,-29.6663,22.7444,57.52,52.0,8.0,3.06
339,port alfred,za,-33.5906,26.891,65.17,92.0,0.0,7.43
340,narsaq,gl,60.9127,-46.0453,16.65,73.0,0.0,8.55
343,chokurdakh,ru,70.6192,147.9022,-22.85,74.0,44.0,12.46
346,hithadhoo,mv,-0.6,73.0833,83.01,100.0,88.0,9.78
350,luau,ao,-10.7073,22.2247,63.73,98.0,92.0,2.95
351,mahebourg,mu,-20.4081,57.7,79.97,81.0,92.0,20.07
352,cidreira,br,-30.1658,-50.2184,73.49,68.0,12.0,9.78
353,saskylakh,ru,71.965,114.0939,-41.53,91.0,8.0,3.29
355,kyabe,td,9.4515,18.9449,68.83,45.0,0.0,3.51
356,akhmim,eg,26.5627,31.7434,54.12,57.0,0.0,4.18
359,cervo,es,43.6702,-7.4102,50.95,100.0,92.0,22.3
364,manadhoo,mv,5.7667,73.3833,78.96,100.0,64.0,10.89
367,hofn,is,64.2539,-15.2082,39.4,100.0,92.0,26.11
374,omsukchan,ru,62.5333,155.8,-36.03,69.0,12.0,2.51
375,cap malheureux,mu,-19.9842,57.6142,81.03,96.0,88.0,31.59
383,ahuimanu,us,21.4447,-157.8378,79.27,70.0,80.0,14.03
384,ust-kuyga,ru,70.0018,135.5498,-26.68,41.0,48.0,3.85
391,puro,ph,13.1347,123.7628,71.82,96.0,76.0,3.29
392,kirakira,sb,-10.4569,161.9202,81.37,100.0,68.0,11.56
393,ormara,pk,25.2088,64.6357,75.07,82.0,0.0,14.7
398,stolin,by,51.8939,26.8512,41.83,97.0,88.0,4.18
399,cochrane,ca,51.1875,-114.4711,41.76,52.0,0.0,3.51
402,puerto cabezas,ni,14.0351,-83.3889,85.53,91.0,20.0,14.81
403,te anau,nz,-45.4145,167.7175,56.12,85.0,76.0,12.24
404,dingle,ie,52.1408,-10.2689,47.35,93.0,80.0,15.48
408,cayenne,gf,4.9371,-52.3259,81.01,81.0,100.0,9.66
410,ust-nera,ru,64.5664,143.2378,-39.3,76.0,20.0,1.05
411,raudeberg,no,61.9875,5.1352,28.36,99.0,68.0,3.74
413,vista hermosa,co,8.3658,-73.287,88.95,36.0,20.0,2.17
415,manzhouli,cn,49.6,117.4333,-5.5,59.0,0.0,5.97
418,rafaela,ar,-31.2527,-61.4917,89.17,50.0,0.0,2.39
419,vestmannaeyjar,is,63.4427,-20.2734,43.39,88.0,44.0,30.91
423,margate,za,-30.8636,30.3705,68.95,100.0,88.0,4.41
424,san patricio,mx,19.223,-104.6989,83.97,61.0,0.0,5.3
426,gold coast,au,-28.0024,153.4146,72.86,96.0,88.0,20.62
431,luderitz,na,-26.6481,15.1594,61.41,83.0,0.0,15.48
432,imphal,in,24.8006,93.937,49.3,86.0,0.0,1.83
434,claveria,ph,8.6123,124.893,67.87,100.0,56.0,3.62
436,sandakan,my,5.8402,118.1179,80.69,100.0,88.0,4.07
438,cravo norte,co,6.3045,-70.2018,99.91,29.0,12.0,8.99
439,khajuraho,in,24.8515,79.926,76.62,34.0,64.0,8.1
440,la ronge,ca,55.1004,-105.3013,27.79,63.0,0.0,7.76
447,touros,br,-5.1989,-35.4609,78.82,82.0,92.0,12.8
450,ardakan,ir,32.3063,54.016,51.28,43.0,32.0,2.73
452,norman wells,ca,65.2824,-126.8328,26.82,89.0,24.0,5.86
455,melivoia,gr,41.3287,24.9311,46.87,100.0,92.0,0.49
459,yumen,cn,40.2917,97.0449,35.76,58.0,8.0,18.39
460,parkes,au,-33.1369,148.1755,59.45,86.0,0.0,2.39
461,lebu,cl,-37.6167,-73.6501,59.58,100.0,0.0,10.78
465,cabo san lucas,mx,22.8938,-109.9112,81.48,95.0,0.0,3.18
466,kruisfontein,za,-34.0034,24.7314,65.68,91.0,76.0,7.09
468,mujiayingzi,cn,42.1167,118.7833,17.78,71.0,8.0,14.81
469,pitimbu,br,-7.4729,-34.8113,83.19,90.0,0.0,9.66
470,chuy,uy,-33.6938,-53.4562,77.79,60.0,0.0,12.12
471,fagernes,no,60.9863,9.2363,0.48,67.0,44.0,2.17
475,mau,in,25.9391,83.5716,70.16,57.0,8.0,2.73
477,tangping,cn,33.6892,105.6669,33.21,79.0,0.0,2.17
484,ribeira grande,pt,38.5167,-28.7001,56.1,100.0,64.0,21.52
485,kalga,ru,50.9236,118.8992,-11.3,46.0,0.0,2.62
494,beloha,mg,-25.1739,45.0615,74.5,70.0,0.0,4.97
495,tortoli,it,39.9256,9.6572,47.98,87.0,56.0,1.16
497,nushki,pk,29.55,66.0167,45.73,58.0,0.0,3.18
499,sernur,ru,56.9348,49.1469,17.04,82.0,0.0,15.93
500,katsuura,jp,33.9258,134.505,40.82,83.0,0.0,1.5
501,hobyo,so,5.3505,48.5268,77.9,92.0,92.0,9.44
509,erenhot,cn,43.6511,111.9704,2.93,62.0,0.0,7.99
510,priargunsk,ru,50.3659,119.0901,-9.84,58.0,0.0,4.18
512,upernavik,gl,72.7868,-56.1549,5.09,100.0,56.0,3.96
523,bambanglipuro,id,-7.95,110.2833,66.87,96.0,56.0,2.39
528,talara,pe,-4.5797,-81.2719,86.67,51.0,36.0,10.22
530,lamu,ke,-2.2717,40.902,77.77,96.0,12.0,3.06
533,maragogi,br,-9.0119,-35.2226,75.69,79.0,0.0,9.22
535,roald,no,62.5838,6.1242,30.34,99.0,56.0,6.2
538,esil,kz,51.9602,66.4089,8.56,74.0,88.0,2.95
544,cukai,my,4.25,103.4167,74.46,99.0,92.0,1.83
545,nuuk,gl,64.175,-51.7356,19.99,100.0,76.0,3.96
555,glenwood springs,us,39.5507,-107.3256,54.41,30.0,36.0,4.74
556,mount gambier,au,-37.8302,140.7843,58.1,90.0,92.0,2.39
557,xiongzhou,cn,32.337,118.8317,56.05,90.0,56.0,2.84
558,carutapera,br,-1.2017,-46.0206,76.84,95.0,92.0,5.41
560,carballo,es,43.2134,-8.6889,48.2,100.0,92.0,7.87
563,kahului,us,20.8894,-156.4728,76.46,83.0,92.0,9.22
564,gushikawa,jp,26.3544,127.8686,67.21,98.0,36.0,13.24
567,coos bay,us,43.3665,-124.2179,52.39,74.0,24.0,3.96
570,villaviciosa,es,43.4813,-5.4335,50.07,71.0,12.0,7.99
573,sitka,us,37.175,-99.6516,76.3,27.0,0.0,21.97
574,mairana,bo,-18.1194,-63.9566,64.94,82.0,20.0,10.22
575,arraial do cabo,br,-22.9663,-42.0245,83.52,84.0,64.0,20.07
578,khed brahma,in,24.0333,73.05,58.26,66.0,0.0,4.29
581,buribay,ru,51.9617,58.1592,-3.72,59.0,8.0,4.29
589,songling,cn,31.1933,120.7176,58.41,95.0,48.0,3.18
590,lagoa,pt,37.1363,-8.4541,58.71,97.0,92.0,13.58
592,aklavik,ca,68.2183,-135.0136,21.29,91.0,92.0,4.74
596,ranfurly,nz,-45.1296,170.0998,61.77,59.0,92.0,7.76
597,zyryanka,ru,65.7336,150.8933,-22.56,65.0,48.0,2.73
604,tashara,ru,55.5195,83.5094,-14.05,42.0,0.0,4.41
606,tagusao,ph,9.1924,117.8141,74.5,98.0,0.0,4.29
607,ariquemes,br,-9.9077,-63.0331,74.57,90.0,92.0,2.39
608,det udom,th,14.9041,105.0757,72.32,98.0,64.0,7.99
612,mithi,pk,24.7364,69.7973,65.14,49.0,0.0,9.78
614,kaoma,zm,-14.801,24.7986,67.84,77.0,32.0,7.99
615,saint-augustin,ca,45.6256,-73.9796,34.14,88.0,92.0,5.08
626,bandarbeyla,so,9.4942,50.8122,76.69,100.0,56.0,9.78
631,iracoubo,gf,5.4794,-53.2058,77.88,75.0,92.0,6.76
640,berlevag,no,70.8578,29.0864,20.34,100.0,76.0,9.66
641,padang,id,-0.9248,100.3633,81.52,100.0,8.0,5.75
643,leningradskiy,ru,69.3833,178.4167,-17.9,100.0,48.0,3.74
644,sibolga,id,1.737,98.7846,70.47,100.0,76.0,1.39
645,paamiut,gl,61.994,-49.6678,27.41,100.0,44.0,6.87
646,nicoya,cr,10.147,-85.4536,94.93,44.0,12.0,14.03
648,necochea,ar,-38.5473,-58.7368,68.56,66.0,92.0,8.99
649,kodiak,us,39.9519,-94.7572,68.79,29.0,0.0,17.83
650,ajdabiya,ly,30.755,20.2233,64.96,32.0,92.0,4.41
654,redmond,us,47.6694,-122.1239,51.17,87.0,8.0,9.66
658,puerto colombia,co,10.9891,-74.9555,87.03,71.0,20.0,13.02
660,sobolevo,ru,54.4299,31.8996,32.04,99.0,92.0,6.08
663,curup,id,-3.4677,102.5301,69.67,95.0,64.0,2.17
664,komsomolskiy,ru,67.5537,63.776,-26.92,37.0,12.0,3.18
670,chakwal,pk,32.9323,72.8562,55.62,90.0,88.0,6.42
672,trat,th,12.2452,102.5118,79.05,100.0,88.0,4.18
675,conde,br,-11.813,-37.6139,77.4,82.0,12.0,10.56
676,tolosa,es,43.1386,-2.0724,48.96,88.0,92.0,8.1
679,ayagoz,kz,47.9649,80.4301,30.13,92.0,92.0,3.06
687,tynda,ru,55.1497,124.7376,-15.33,56.0,0.0,2.73
688,scarborough,tt,11.1833,-60.7334,82.65,100.0,48.0,18.05
691,coihaique,cl,-45.5753,-72.0662,49.5,66.0,68.0,7.43
693,port hardy,ca,50.6996,-127.4199,51.3,74.0,32.0,4.63
694,shouguang,cn,36.8762,118.7323,50.74,91.0,24.0,11.68
695,lhokseumawe,id,5.179,97.1481,81.48,100.0,8.0,6.2
698,kailua,us,21.3936,-157.7438,79.27,70.0,80.0,14.03
701,atar,mr,20.5183,-13.0544,60.4,17.0,0.0,7.2
702,ipixuna,br,-1.7625,-48.8044,72.66,100.0,92.0,2.73
703,flin flon,ca,54.7698,-101.879,25.3,63.0,0.0,4.41
708,tazovskiy,ru,67.4667,78.7,-6.43,100.0,76.0,16.26
711,bathsheba,bb,13.2167,-59.5167,81.09,100.0,76.0,19.62
720,ponta delgada,pt,37.7333,-25.6667,56.1,100.0,76.0,23.76
722,kandi,bj,11.1299,2.9342,69.62,44.0,0.0,6.2
725,sembe,cg,1.6481,14.5806,73.2,90.0,0.0,3.4
731,tabas,ir,33.596,56.9247,40.48,39.0,44.0,2.62
733,killybegs,ie,54.6333,-8.45,46.81,91.0,80.0,22.08
742,sao felix do xingu,br,-6.6448,-51.995,78.46,87.0,88.0,2.28
743,prudentopolis,br,-25.2131,-50.9778,76.86,89.0,48.0,2.28
746,staryy krym,ua,45.0333,35.1,46.53,95.0,0.0,17.49
748,diffa,ne,13.3154,12.6113,61.3,18.0,0.0,6.53
756,muravlenko,ru,63.7948,74.4969,14.41,83.0,88.0,10.0
760,tilichiki,ru,60.4667,166.1,-24.63,43.0,0.0,2.95
763,jiutai,cn,44.1531,125.8405,17.91,93.0,80.0,18.28
766,fagersta,se,60.0039,15.7906,16.02,81.0,0.0,2.39
770,nome,us,30.0358,-94.4244,69.21,46.0,0.0,5.19
772,lodwar,ke,3.1166,35.6,73.71,90.0,80.0,3.62
775,manicaragua,cu,22.1443,-79.9738,77.23,46.0,0.0,9.78
776,nayudupeta,in,13.9091,79.8965,63.61,92.0,0.0,2.62
778,abu kamal,sy,34.4506,40.9171,54.57,26.0,20.0,9.78
783,bulgan,mn,48.8129,103.5323,-5.37,67.0,0.0,2.84
785,ust-koksa,ru,50.2696,85.6156,14.52,82.0,44.0,1.95
788,college,us,64.8569,-147.8028,26.31,93.0,92.0,4.18
792,songjianghe,cn,42.1782,127.481,18.25,97.0,92.0,7.09
796,vao,nc,-22.6667,167.4833,80.96,96.0,80.0,15.93
798,grand-lahou,ci,5.2443,-5.0035,75.13,81.0,0.0,7.2
801,montego bay,jm,18.4725,-77.9218,82.2,100.0,24.0,3.51
807,sao jose da coroa grande,br,-8.8978,-35.1478,75.69,79.0,0.0,9.22
814,najran,sa,17.544,44.2247,67.86,36.0,36.0,4.97
816,tonneins,fr,44.3906,0.3092,53.82,54.0,100.0,10.33
817,tura,ru,64.2742,100.217,-4.98,74.0,48.0,2.28
821,hamilton,bm,32.2956,-64.7828,65.86,100.0,92.0,24.87
822,atasu,kz,48.6814,71.6433,15.98,75.0,44.0,6.42
829,tubuala,pa,9.5167,-79.0334,91.51,96.0,92.0,9.1
831,tommot,ru,58.9685,126.2669,-5.63,52.0,36.0,3.29
833,yamada,jp,36.5791,137.0802,42.53,100.0,24.0,4.52
834,de-kastri,ru,51.4754,140.769,16.45,100.0,88.0,11.23
835,teya,ru,60.3731,92.6306,7.9,72.0,76.0,5.3
837,marystown,ca,47.1658,-55.158,40.17,88.0,0.0,20.85
844,pocone,br,-16.2567,-56.6228,86.41,62.0,32.0,4.97
845,koshurnikovo,ru,54.3006,93.3948,1.11,54.0,0.0,3.96
846,rabat,ma,34.0224,-6.8346,61.32,86.0,92.0,19.51
848,sarangani,ph,5.4033,125.4636,81.7,100.0,32.0,2.17
852,yarmouth,ca,43.8373,-66.1157,37.17,89.0,44.0,23.09
854,mbengwi,cm,6.0032,10.0138,57.22,94.0,56.0,2.17
855,cockburn town,bs,24.0333,-74.5167,69.08,100.0,92.0,14.81
863,havre-saint-pierre,ca,50.2334,-63.5987,32.47,91.0,92.0,28.12
867,karratha,au,-20.7371,116.8479,73.6,80.0,0.0,8.55
873,hornepayne,ca,49.2167,-84.7834,30.0,69.0,80.0,4.85
881,ketchikan,us,55.3422,-131.6462,50.77,86.0,56.0,5.08
884,shwebo,mm,22.5667,95.7,63.18,77.0,0.0,3.74
885,challans,fr,46.8479,-1.8774,52.05,94.0,92.0,20.29
886,diego de almagro,cl,-26.3911,-70.046,74.21,62.0,0.0,3.62
887,shaowu,cn,27.3438,117.4872,58.23,98.0,92.0,2.06
890,ambilobe,mg,-13.1945,49.05,75.16,94.0,100.0,3.51
892,saint george,bm,32.3817,-64.6781,65.86,100.0,92.0,24.87
896,terra roxa,br,-20.7871,-48.3315,90.61,61.0,36.0,2.95
903,abilene,us,32.4465,-99.7334,71.55,25.0,0.0,10.67
906,muisne,ec,0.6104,-80.0186,84.88,59.0,68.0,6.76
908,inirida,co,3.8653,-67.9239,97.47,34.0,0.0,2.39
909,guderup,dk,54.9913,9.8681,35.4,94.0,80.0,13.24
913,aksha,ru,50.2808,113.2851,-12.36,65.0,0.0,3.96
914,sola,vu,-13.8834,167.55,83.52,98.0,76.0,9.89
915,sistranda,no,63.7256,8.834,24.96,100.0,0.0,12.46
916,deputatskiy,ru,69.3,139.9,-29.21,44.0,48.0,2.84
917,chapais,ca,49.7839,-74.8569,30.31,84.0,88.0,8.99
918,sao joao da barra,br,-21.6403,-41.0512,85.32,95.0,20.0,16.71
923,talnakh,ru,69.494,88.3908,6.24,83.0,76.0,21.85
925,lorengau,pg,-2.0226,147.2712,81.1,100.0,76.0,6.76
926,makakilo city,us,21.3469,-158.0859,79.29,70.0,80.0,14.03
927,oda,gh,5.9059,-0.9967,70.45,97.0,24.0,2.73
929,aguada de pasajeros,cu,22.3843,-80.8487,79.23,58.0,0.0,12.12
930,waitati,nz,-45.7479,170.5729,68.68,67.0,88.0,8.43
931,okhotsk,ru,59.3644,143.2411,-12.11,100.0,0.0,3.62
933,mangan,in,27.4974,88.5362,14.22,60.0,0.0,1.39
934,havelock,us,34.8785,-76.9015,46.04,100.0,12.0,18.5
940,taoudenni,ml,22.6783,-3.9837,52.18,19.0,0.0,2.73
945,araioses,br,-2.891,-41.905,75.6,95.0,68.0,5.64
948,bubaque,gw,11.2833,-15.8334,78.84,98.0,32.0,11.23
950,leshukonskoye,ru,64.8989,45.7622,13.17,69.0,88.0,11.9
953,prince rupert,ca,54.3161,-130.3202,51.17,83.0,76.0,5.53
956,rio grande,br,-32.0335,-52.0992,80.87,68.0,0.0,11.45
960,sambava,mg,-14.2667,50.1667,74.82,100.0,100.0,24.32
970,buraydah,sa,26.3317,43.9717,69.94,33.0,12.0,2.17
972,port augusta,au,-32.4909,137.764,57.6,87.0,20.0,2.73
976,subiaco,it,41.9267,13.0944,40.5,95.0,0.0,1.95
977,araouane,ml,18.9041,-3.5276,67.71,16.0,64.0,7.76
979,santa cruz,cr,10.2599,-85.5847,95.13,45.0,8.0,12.46
985,nipawin,ca,53.3628,-104.0172,28.76,95.0,0.0,6.87
991,chumikan,ru,54.7183,135.315,-1.03,73.0,44.0,2.95
1002,namatanai,pg,-3.6642,152.4407,81.86,100.0,12.0,7.2
1010,kuruman,za,-27.4589,23.4303,55.49,79.0,56.0,3.18
1014,concepcion,py,-23.4064,-57.4345,93.4,57.0,0.0,11.34
1015,yerofey pavlovich,ru,53.9667,121.9667,-9.77,59.0,0.0,2.84
1017,shimoda,jp,34.701,138.9287,59.36,100.0,0.0,18.84
1027,djougou,bj,9.7107,1.6652,76.84,46.0,0.0,8.32
1028,mingguang,cn,32.784,118.0127,57.09,94.0,64.0,6.98
1032,musoma,tz,-1.4999,33.8083,68.18,98.0,24.0,3.51
1043,logumkloster,dk,55.0594,8.9551,34.12,89.0,88.0,10.0
1044,tizimin,mx,21.143,-88.1527,83.28,51.0,88.0,9.1
1049,walvis bay,na,-22.9544,14.5075,63.55,100.0,0.0,14.7
1051,sisimiut,gl,66.9395,-53.6735,10.31,87.0,80.0,1.95
1053,aitape,pg,-3.1511,142.3594,76.55,100.0,88.0,7.87
1056,sagua la grande,cu,22.8059,-80.0726,74.61,72.0,0.0,15.59
1057,maldonado,uy,-34.9088,-54.9583,81.57,59.0,0.0,7.65
1065,skegness,gb,53.1436,0.3363,45.43,88.0,24.0,26.33
1066,sovetskiy,ru,56.763,48.4743,16.93,83.0,8.0,17.38
1070,vagamo,no,61.8751,9.0967,-4.69,67.0,24.0,1.83
1074,kasongo-lunda,cd,-6.4787,16.8168,68.45,91.0,88.0,2.39
1075,reinosa,es,43.001,-4.1379,51.19,71.0,44.0,12.46
1076,roma,au,-26.5674,148.7875,59.5,86.0,0.0,6.08
1080,machinga,mw,-15.1777,35.2994,72.84,90.0,92.0,3.4
1081,mandalgovi,mn,45.763,106.2704,2.98,71.0,0.0,3.18
1084,sawtell,au,-30.3834,153.1,62.87,100.0,0.0,2.17
1101,meulaboh,id,4.1363,96.1285,78.06,100.0,80.0,2.17
1109,distraccion,co,10.8969,-72.8862,79.09,53.0,32.0,1.95
1119,sturgeon falls,ca,46.3646,-79.9327,31.77,66.0,64.0,7.43
1121,vikhorevka,ru,56.1247,101.172,0.52,70.0,20.0,4.41
1123,richards bay,za,-28.7745,32.0555,71.35,83.0,8.0,2.51
1129,matara,lk,5.9485,80.5353,76.77,100.0,24.0,6.42
1131,tevaitoa,pf,-16.7834,-151.5,81.81,100.0,56.0,8.21
1133,sinnamary,gf,5.3772,-52.9574,78.42,95.0,92.0,11.45
1136,socorro,us,31.6546,-106.3034,74.79,25.0,76.0,13.24
1138,evreux,fr,49.0241,1.1508,49.64,67.0,88.0,16.6
1143,preobrazheniye,ru,42.9019,133.9064,29.3,94.0,64.0,1.83
1145,hargeysa,so,9.56,44.065,53.8,91.0,0.0,2.73
1147,fayaoue,nc,-20.65,166.5333,82.62,97.0,36.0,15.59
1148,biak,id,-0.9132,122.8766,77.74,100.0,68.0,2.51
1151,tukums,lv,56.9667,23.1698,29.32,96.0,48.0,12.46
1154,axim,gh,4.8654,-2.2422,81.64,100.0,64.0,10.22
1155,ndago,tz,-4.6,34.35,62.15,94.0,44.0,2.95
1157,shetpe,kz,44.1402,52.1601,20.14,79.0,0.0,9.44
1158,sao paulo de olivenca,br,-3.3784,-68.8725,89.29,53.0,44.0,2.73
1159,bertinoro,it,44.1487,12.1342,44.29,73.0,0.0,8.55
1166,ixtapa,mx,20.715,-105.2067,78.96,43.0,0.0,2.95
1168,anadyr,ru,64.7317,177.5061,-6.9,92.0,76.0,17.49
1175,wajid,so,3.8093,43.2471,65.71,95.0,44.0,6.98
1179,kranea elassonos,gr,39.9483,21.9658,38.32,65.0,0.0,2.62
1181,kumluca,tr,36.3657,30.2875,25.97,90.0,8.0,1.5
1186,usinsk,ru,65.9957,57.5571,-6.0,76.0,64.0,13.47
1192,uhlove,ua,44.8215,33.6045,46.99,96.0,48.0,15.03
1200,sur,om,22.5702,59.5299,73.24,100.0,0.0,4.29
1207,balsas,br,-7.5322,-46.0372,81.01,73.0,32.0,4.74
1208,tessalit,ml,20.2009,1.014,60.12,21.0,8.0,7.2
1210,charters towers,au,-20.0715,146.271,64.27,91.0,0.0,1.28
1211,taltal,cl,-25.408,-70.4859,71.98,52.0,0.0,4.41
1212,chunian,pk,30.9632,73.9807,59.0,83.0,0.0,9.44
1214,trelew,ar,-43.2532,-65.3095,63.36,23.0,0.0,19.06
1218,srednekolymsk,ru,67.4555,153.7071,-24.65,73.0,56.0,3.29
1219,bokhan,ru,53.153,103.7714,0.77,58.0,0.0,5.97
1226,mamallapuram,in,12.6264,80.1722,81.36,100.0,12.0,6.98
1229,port hedland,au,-20.3112,118.5801,70.43,88.0,0.0,3.85
1230,svetlogorsk,ru,53.1375,59.1545,17.06,62.0,32.0,3.4
1232,constitucion,mx,23.9912,-104.675,84.56,23.0,0.0,7.31
1236,oskemen,kz,49.9565,82.6119,27.05,85.0,92.0,2.51
1238,launceston,au,-41.4341,147.1373,53.04,92.0,88.0,4.41
1239,mafra,br,-26.1151,-49.8036,71.73,94.0,64.0,2.95
1243,hami,cn,42.8354,93.5128,49.1,42.0,68.0,15.26
1245,fort pierce,us,27.4467,-80.3257,67.96,64.0,0.0,14.47
1246,sioux lookout,ca,50.1001,-91.9191,27.01,57.0,0.0,10.22
1256,marhaura,in,25.9667,84.8667,69.35,56.0,0.0,2.84
1261,dalby,au,-27.1823,151.2634,57.16,87.0,8.0,10.45
1265,sampit,id,-2.539,112.9494,72.82,96.0,48.0,2.95
1266,quesnel,ca,52.9768,-122.4949,39.63,100.0,92.0,2.84
1268,mandera,ke,3.9366,41.867,74.12,76.0,12.0,7.76
1269,buenos aires,hn,14.1152,-87.2041,88.12,34.0,0.0,4.97
1270,alibag,in,18.6411,72.8792,83.37,92.0,100.0,14.47
1271,dalvik,is,65.9702,-18.5287,34.86,88.0,56.0,8.66
1273,baculin,ph,7.4525,126.5842,76.06,96.0,24.0,7.54
1282,campbell river,ca,50.0163,-125.2446,48.76,90.0,64.0,2.84
1284,matagami,ca,49.7569,-77.6272,25.52,78.0,68.0,7.99
1287,santa isabel,mx,32.6293,-115.5751,79.9,39.0,0.0,10.11
1289,pakxan,la,18.3924,103.6593,65.61,99.0,48.0,2.06
1292,grand island,us,40.9243,-98.3387,70.03,35.0,0.0,9.66
1294,mogadishu,so,2.0428,45.3386,80.89,100.0,0.0,13.91
1295,kalianget,id,-7.3459,109.9109,59.45,88.0,24.0,2.39
1297,joao pinheiro,br,-17.7425,-46.1726,80.6,59.0,0.0,8.21
1313,dharchula,in,29.85,80.5333,33.98,96.0,88.0,1.39
1316,iquique,cl,-20.2209,-70.1431,73.26,84.0,32.0,7.2
1317,paita,pe,-5.0851,-81.1138,86.67,51.0,36.0,10.22
1329,dali,cn,25.6024,100.2449,34.97,100.0,0.0,1.95
1330,fort nelson,ca,58.8063,-122.694,42.21,63.0,0.0,1.72
1331,newport,us,41.49,-71.3138,39.52,89.0,8.0,16.15
1351,trincomalee,lk,8.5764,81.2345,71.31,91.0,12.0,3.18
1357,kargasok,ru,59.0598,80.8709,11.14,73.0,80.0,7.76
1364,chitral,pk,35.8508,71.7903,21.0,86.0,80.0,0.94
1366,bennington,us,42.8783,-73.1972,33.21,67.0,88.0,6.98
1367,gori,ge,41.9874,44.109,29.14,86.0,56.0,2.95
1368,okato,nz,-39.1896,173.8803,65.86,97.0,88.0,11.56
1370,nyurba,ru,63.2866,118.3541,-9.86,66.0,36.0,2.73
1371,the valley,ai,18.217,-63.0579,81.57,98.0,0.0,15.48
1378,mangit,uz,40.5971,70.9607,41.38,99.0,92.0,1.95
1384,azare,ng,11.6729,10.1918,67.41,20.0,0.0,9.33
1388,mandurah,au,-32.55,115.7,69.78,100.0,92.0,6.76
1390,natal,br,-5.8054,-35.2081,82.26,73.0,32.0,10.33
1398,klaksvik,fo,62.2266,-6.5891,41.88,95.0,92.0,30.69
1399,tadine,nc,-21.55,167.8833,83.57,92.0,8.0,14.47
1403,muzhi,ru,65.4,64.7019,-10.72,82.0,76.0,9.22
1405,seydisehir,tr,37.4193,31.8453,34.92,87.0,44.0,2.62
1407,namibe,ao,-15.1902,12.1531,76.39,100.0,32.0,4.41
1409,tuburan,ph,10.7295,123.8239,78.33,100.0,68.0,7.09
1410,galesong,id,-5.3166,119.3661,75.88,97.0,92.0,5.75
1413,fairview,ca,56.0671,-118.381,36.16,99.0,24.0,5.3
1425,witu,ke,-2.3878,40.4393,74.7,94.0,0.0,3.4
1431,macomer,it,40.262,8.7699,42.98,89.0,56.0,2.28
1432,maraa,br,-1.8334,-65.3667,96.55,42.0,20.0,6.76
1433,saint-pierre,pm,46.7654,-56.1695,36.55,87.0,0.0,28.23
1442,aketi,cd,2.7359,23.7791,69.21,99.0,56.0,2.39
1443,aksarka,ru,66.5606,67.7975,-18.93,51.0,32.0,6.87
1448,uruzgan,af,32.9278,66.6325,11.91,68.0,0.0,1.28
1449,kendari,id,-3.9919,122.518,75.31,86.0,88.0,4.52
1458,moussoro,td,13.6406,16.4908,68.32,13.0,0.0,11.01
1463,vieira de leiria,pt,39.8682,-8.9362,54.23,97.0,88.0,17.49
1466,ivanovo,ru,56.9984,40.9737,21.92,90.0,92.0,18.61
1469,pandan,ph,11.7199,122.0946,80.33,100.0,8.0,14.47
1473,liverpool,ca,44.0374,-64.7138,37.89,85.0,8.0,28.34
1475,westport,ie,53.8001,-9.5203,45.72,92.0,88.0,18.16
1479,athy,ie,52.9924,-6.9836,46.72,97.0,92.0,23.98
1486,tabasco,mx,21.8653,-102.9131,82.35,16.0,0.0,6.08
1491,kamennomostskiy,ru,44.2931,40.1821,29.25,81.0,0.0,2.39
1493,anjar,in,23.1104,70.0283,64.11,66.0,0.0,8.77
1494,arvin,us,35.2091,-118.8285,51.26,88.0,68.0,3.4
1497,ust-ordynskiy,ru,52.805,104.7508,0.9,71.0,0.0,7.31
1499,cartagena del chaira,co,1.3349,-74.8429,86.23,62.0,48.0,1.83
1505,tautira,pf,-17.7334,-149.15,82.67,100.0,48.0,11.9
1506,coquimbo,cl,-29.9532,-71.3381,70.47,89.0,0.0,8.77
1515,labuhan,id,-2.5409,115.5092,71.29,98.0,56.0,0.49
1520,tucumcari,us,35.1719,-103.7251,71.19,26.0,0.0,18.05
1524,yeppoon,au,-23.1349,150.7437,68.22,76.0,0.0,13.69
1526,ambon,id,-3.6955,128.1814,78.53,100.0,80.0,7.2
1528,sharjah,ae,25.3585,55.3895,68.49,100.0,0.0,10.22
1535,nenjiang,cn,49.1735,125.2312,-8.63,75.0,0.0,7.2
1545,erdenet,mn,49.0275,104.0448,-12.02,61.0,0.0,2.62
1548,vila velha,br,-3.7125,-38.6045,85.26,98.0,80.0,15.37
1562,hachinohe,jp,40.4707,141.4816,53.24,73.0,0.0,7.99
1563,puerto montt,cl,-41.4719,-72.9397,52.99,71.0,76.0,3.96
1564,turka,ru,52.9507,108.222,-8.59,60.0,0.0,2.17
1565,poum,nc,-20.2334,164.0167,82.45,96.0,56.0,19.06
1566,mount barker,au,-35.0642,138.8586,55.04,100.0,24.0,5.64
1568,vardo,no,70.3705,31.1107,17.55,100.0,48.0,13.8
1578,sorong,id,-0.8635,131.2545,82.72,100.0,0.0,11.23
1582,sao gabriel da cachoeira,br,-0.1303,-67.0892,91.87,56.0,20.0,2.73
1588,alta floresta,br,-9.8716,-56.084,81.81,76.0,44.0,2.06
1601,changji,cn,32.0671,116.1675,57.24,93.0,76.0,2.39
1602,caravelas,br,-17.7297,-39.2661,81.81,100.0,0.0,11.79
1603,lakes entrance,au,-37.8795,147.9944,60.98,100.0,68.0,8.88
1609,marsani,ro,44.0108,24.0147,47.28,72.0,20.0,11.45
1611,nioki,cd,-2.7204,17.6854,73.4,96.0,0.0,2.62
1616,vrangel,ru,42.7297,133.0839,33.93,93.0,8.0,4.74
1624,kalanguy,ru,51.0105,116.5209,-15.78,54.0,0.0,3.96
1627,ostrogozhsk,ru,50.8649,39.0772,36.64,95.0,92.0,13.47
1638,dwarka,in,28.5772,77.0443,68.09,37.0,0.0,4.63
1643,mehamn,no,71.035,27.8517,18.3,80.0,24.0,6.76
1646,puerto del rosario,es,28.5004,-13.8628,62.92,100.0,0.0,9.33
1651,metro,id,-5.1079,105.3079,74.89,100.0,56.0,2.51
1653,puerto escondido,mx,15.8624,-97.0717,82.13,100.0,8.0,6.98
1659,east wenatchee,us,47.4157,-120.2932,55.02,91.0,0.0,5.86
1660,coxim,br,-18.505,-54.7451,72.1,77.0,56.0,3.96
1663,armeria,mx,18.9333,-103.9667,84.94,34.0,0.0,6.64
1664,estelle,us,32.8662,-97.0131,68.25,37.0,0.0,7.43
1667,tigil,ru,57.8,158.6667,-9.21,65.0,8.0,4.52
1672,tromso,no,69.6489,18.9551,7.97,100.0,8.0,2.95
1673,simao,cn,22.7618,100.7911,45.52,81.0,0.0,2.17
1674,isangel,vu,-19.55,169.2667,83.34,100.0,20.0,14.47
1679,popondetta,pg,-8.7668,148.2375,68.45,95.0,64.0,1.95
1684,tomatlan,mx,19.9333,-105.25,86.2,52.0,0.0,4.97
1687,troitskiy,ru,45.1462,38.1411,48.83,92.0,0.0,11.56
1688,kez,ru,57.8979,53.7152,17.56,82.0,20.0,17.38
1689,lewisville,us,33.0462,-96.9942,68.16,37.0,0.0,7.43
1693,cheremukhovo,ru,56.2285,46.2313,15.71,78.0,20.0,12.57
1698,rastolita,ro,46.9726,24.9929,35.76,99.0,64.0,2.39
1708,ugoofaaru,mv,5.6667,73.0,81.61,100.0,92.0,12.24
1716,ila,ng,7.6667,4.6667,76.75,57.0,48.0,1.95
1726,zyryanskoye,ru,56.8342,86.6212,-12.27,40.0,0.0,6.76
1729,zhumadian,cn,33.0116,114.0165,55.62,94.0,8.0,4.63
1733,sarh,td,9.1406,18.3938,74.34,34.0,0.0,6.42
1734,niksic,me,42.774,18.9489,43.32,100.0,92.0,1.61
1737,stellenbosch,za,-33.9345,18.8692,64.33,98.0,68.0,8.1
1740,espinosa,br,-14.9233,-42.8094,66.52,97.0,24.0,2.39
1744,buritis,br,-15.6214,-46.4239,77.13,83.0,12.0,4.18
1745,bariri,br,-22.0747,-48.7395,86.25,70.0,24.0,2.73
1752,porto santo,pt,33.072,-16.3415,64.94,94.0,12.0,22.86
1755,lapeer,us,43.0514,-83.3189,36.97,72.0,44.0,15.7
1757,progreso,mx,20.2478,-99.1891,76.71,42.0,0.0,5.64
1758,khandyga,ru,62.6478,135.5751,-13.31,78.0,68.0,2.84
1760,suruc,tr,36.9761,38.425,46.78,63.0,76.0,5.75
1765,cangucu,br,-31.395,-52.6756,81.21,45.0,0.0,10.45
1773,darhan,mn,49.4867,105.9228,-7.91,56.0,0.0,4.52
1775,caucaia,br,-3.7301,-38.6594,85.26,98.0,80.0,15.37
1782,novyy urgal,ru,51.0736,132.5642,-13.09,48.0,0.0,4.97
1783,pilar,py,-26.8626,-58.3023,78.94,90.0,32.0,12.24
1787,gbarnga,lr,6.9963,-9.471,64.92,93.0,44.0,7.76
1789,sebina,bw,-20.8306,27.2196,65.66,58.0,0.0,10.0
1796,belmonte,br,-26.8449,-53.579,81.82,87.0,44.0,4.74
1797,praia da vitoria,pt,38.7333,-27.0667,57.45,100.0,76.0,27.67
